-- MySQL dump 10.13  Distrib 5.6.35, for Win64 (x86_64)
--
-- Host: localhost    Database: sport_database
-- ------------------------------------------------------
-- Server version	5.6.35

/*!40101 SET @OLD_CHARACTER_SET_CLIENT=@@CHARACTER_SET_CLIENT */;
/*!40101 SET @OLD_CHARACTER_SET_RESULTS=@@CHARACTER_SET_RESULTS */;
/*!40101 SET @OLD_COLLATION_CONNECTION=@@COLLATION_CONNECTION */;
/*!40101 SET NAMES utf8 */;
/*!40103 SET @OLD_TIME_ZONE=@@TIME_ZONE */;
/*!40103 SET TIME_ZONE='+00:00' */;
/*!40014 SET @OLD_UNIQUE_CHECKS=@@UNIQUE_CHECKS, UNIQUE_CHECKS=0 */;
/*!40014 SET @OLD_FOREIGN_KEY_CHECKS=@@FOREIGN_KEY_CHECKS, FOREIGN_KEY_CHECKS=0 */;
/*!40101 SET @OLD_SQL_MODE=@@SQL_MODE, SQL_MODE='NO_AUTO_VALUE_ON_ZERO' */;
/*!40111 SET @OLD_SQL_NOTES=@@SQL_NOTES, SQL_NOTES=0 */;

--
-- Table structure for table `event_dtls`
--

DROP TABLE IF EXISTS `event_dtls`;
/*!40101 SET @saved_cs_client     = @@character_set_client */;
/*!40101 SET character_set_client = utf8 */;
CREATE TABLE `event_dtls` (
  `EVENT_DTLS_ID` int(11) NOT NULL AUTO_INCREMENT,
  `GAME_ID` int(11) DEFAULT NULL,
  `NO_OF_ROUNDS` decimal(8,0) DEFAULT NULL,
  `NO_OF_MATHCES` decimal(8,0) DEFAULT NULL,
  `WINNER_PART_ID` decimal(8,0) DEFAULT NULL,
  `FIRST_RUNNERUP_PART_ID` decimal(8,0) DEFAULT NULL,
  `SEC_RUNNERUP_PART_ID` decimal(8,0) DEFAULT NULL,
  `NUMBER_OF_PARTICIPANTS` decimal(8,0) DEFAULT NULL,
  `VOLUNTEER_NAMES` varchar(200) DEFAULT NULL,
  `INSER_USER_NAME` varchar(45) DEFAULT '',
  `UPDATE_USER_NAME` varchar(45) DEFAULT '',
  `INSERT_DATE_TIME` datetime DEFAULT CURRENT_TIMESTAMP,
  `UPDATE_DATE_TIME` datetime DEFAULT CURRENT_TIMESTAMP,
  PRIMARY KEY (`EVENT_DTLS_ID`)
) ENGINE=InnoDB DEFAULT CHARSET=latin1;
/*!40101 SET character_set_client = @saved_cs_client */;

--
-- Dumping data for table `event_dtls`
--

LOCK TABLES `event_dtls` WRITE;
/*!40000 ALTER TABLE `event_dtls` DISABLE KEYS */;
/*!40000 ALTER TABLE `event_dtls` ENABLE KEYS */;
UNLOCK TABLES;

--
-- Table structure for table `game`
--

DROP TABLE IF EXISTS `game`;
/*!40101 SET @saved_cs_client     = @@character_set_client */;
/*!40101 SET character_set_client = utf8 */;
CREATE TABLE `game` (
  `GAME_ID` int(11) NOT NULL DEFAULT '0',
  `DISCIPLINE` varchar(50) DEFAULT NULL,
  `AGE_GRP` varchar(4) DEFAULT NULL,
  `CATEGORY` varchar(4) DEFAULT NULL,
  `EVENT` varchar(50) DEFAULT NULL,
  `VENUE_ID` decimal(8,0) DEFAULT NULL,
  `DATE_FROM` datetime DEFAULT NULL,
  `DATE_TO` datetime DEFAULT NULL,
  `TYPE` varchar(20) DEFAULT NULL,
  `INSERT_USER_NAME` varchar(45) DEFAULT '',
  `UPDATE_USER_NAME` varchar(45) DEFAULT '',
  `INSERT_DATE_TIME` datetime DEFAULT CURRENT_TIMESTAMP,
  `UPDATE_DATE_TIME` datetime DEFAULT CURRENT_TIMESTAMP,
  PRIMARY KEY (`GAME_ID`)
) ENGINE=InnoDB DEFAULT CHARSET=latin1;
/*!40101 SET character_set_client = @saved_cs_client */;

--
-- Dumping data for table `game`
--

LOCK TABLES `game` WRITE;
/*!40000 ALTER TABLE `game` DISABLE KEYS */;
INSERT INTO `game` VALUES (2001,'VOLLEYBALL','U17','B','UNDER 17 TEAM',3001,'2017-03-09 00:00:00','2017-03-10 00:00:00','TEAM','','','2017-12-17 15:01:40','2017-12-17 15:01:40'),(2002,'BADMINTON','U14','B','UNDER 14 SINGLE',3007,'2017-03-09 00:00:00','2017-03-11 00:00:00','IND','','','2017-12-17 15:01:41','2017-12-17 15:01:41'),(2003,'VOLLEYBALL','U19','B','UNDER 19 TEAM',3001,'2017-03-09 00:00:00','2017-03-10 00:00:00','TEAM','','','2017-12-17 15:01:41','2017-12-17 15:01:41'),(2004,'BADMINTON','U14','G','UNDER 14 SINGLE',3007,'2017-03-09 00:00:00','2017-03-11 00:00:00','IND','','','2017-12-17 15:01:41','2017-12-17 15:01:41'),(2005,'BADMINTON','U17','G','UNDER 17 SINGLE',3007,'2017-03-09 00:00:00','2017-03-11 00:00:00','IND','','','2017-12-17 15:01:41','2017-12-17 15:01:41'),(2006,'BADMINTON','U17','B','UNDER 17 SINGLE',3007,'2017-03-09 00:00:00','2017-03-11 00:00:00','IND','','','2017-12-17 15:01:41','2017-12-17 15:01:41'),(2007,'BADMINTON','U20','B','UNDER 20 SINGLE',3007,'2017-03-09 00:00:00','2017-03-11 00:00:00','IND','','','2017-12-17 15:01:41','2017-12-17 15:01:41'),(2008,'SHOOTING','U18','B','UNDER 18 OPEN SIGHT',3008,'2017-03-09 00:00:00','2017-03-15 00:00:00','IND','','','2017-12-17 15:01:41','2017-12-17 15:01:41'),(2009,'BADMINTON','U20','G','UNDER 20 SINGLE',3007,'2017-03-09 00:00:00','2017-03-11 00:00:00','IND','','','2017-12-17 15:01:41','2017-12-17 15:01:41'),(2010,'SHOOTING','U18','G','UNDER 18 OPEN SIGHT',3008,'2017-03-09 00:00:00','2017-03-15 00:00:00','IND','','','2017-12-17 15:01:41','2017-12-17 15:01:41'),(2011,'SHOOTING','U18','B','UNDER 18 PIP SIGHT',3008,'2017-03-09 00:00:00','2017-03-15 00:00:00','IND','','','2017-12-17 15:01:41','2017-12-17 15:01:41'),(2012,'SHOOTING','U18','G','UNDER 18 PIP SIGHT',3008,'2017-03-09 00:00:00','2017-03-15 00:00:00','IND','','','2017-12-17 15:01:41','2017-12-17 15:01:41'),(2013,'SHOOTING','U18','B','UNDER 18 AIR PISTOL',3008,'2017-03-09 00:00:00','2017-03-15 00:00:00','IND','','','2017-12-17 15:01:41','2017-12-17 15:01:41'),(2014,'SHOOTING','U18','G','UNDER 18 AIR PISTOL',3008,'2017-03-09 00:00:00','2017-03-15 00:00:00','IND','','','2017-12-17 15:01:41','2017-12-17 15:01:41'),(2015,'SHOOTING','U21','B','UNDER 21 OPEN SIGHT',3008,'2017-03-09 00:00:00','2017-03-15 00:00:00','IND','','','2017-12-17 15:01:41','2017-12-17 15:01:41'),(2016,'SHOOTING','U21','G','UNDER 21 OPEN SIGHT',3008,'2017-03-09 00:00:00','2017-03-15 00:00:00','IND','','','2017-12-17 15:01:41','2017-12-17 15:01:41'),(2017,'SHOOTING','U21','B','UNDER 21 PIP SIGHT',3008,'2017-03-09 00:00:00','2017-03-15 00:00:00','IND','','','2017-12-17 15:01:41','2017-12-17 15:01:41'),(2018,'SHOOTING','U21','G','UNDER 21 PIP SIGHT',3008,'2017-03-09 00:00:00','2017-03-15 00:00:00','IND','','','2017-12-17 15:01:41','2017-12-17 15:01:41'),(2019,'SHOOTING','U21','B','UNDER 21 AIR PISTOL',3008,'2017-03-09 00:00:00','2017-03-15 00:00:00','IND','','','2017-12-17 15:01:41','2017-12-17 15:01:41'),(2020,'SHOOTING','U21','G','UNDER 21 AIR PISTOL',3008,'2017-03-09 00:00:00','2017-03-15 00:00:00','IND','','','2017-12-17 15:01:41','2017-12-17 15:01:41'),(2021,'BASKET BALL','U18','B','UNDER 18 TEAM',3003,'2017-03-09 00:00:00','2017-03-10 00:00:00','TEAM','','','2017-12-17 15:01:41','2017-12-17 15:01:41'),(2022,'ATHLETICS','U12','B','UNDER 12 100 MTR',3002,'2017-03-09 00:00:00','2017-03-15 00:00:00','IND','','','2017-12-17 15:01:41','2017-12-17 15:01:41'),(2023,'ATHLETICS','U12','B','UNDER 12 200 MTR',3002,'2017-03-09 00:00:00','2017-03-11 00:00:00','IND','','','2017-12-17 15:01:41','2017-12-17 15:01:41'),(2024,'ATHLETICS','U12','B','UNDER 12 LONG JUMP',3002,'2017-03-09 00:00:00','2017-03-11 00:00:00','IND','','','2017-12-17 15:01:41','2017-12-17 15:01:41'),(2025,'ATHLETICS','U12','B','UNDER 12 HIGH JUMP',3002,'2017-03-09 00:00:00','2017-03-11 00:00:00','IND','','','2017-12-17 15:01:41','2017-12-17 15:01:41'),(2026,'ATHLETICS','U12','B','UNDER 12 SHOT PUT',3002,'2017-03-09 00:00:00','2017-03-11 00:00:00','IND','','','2017-12-17 15:01:41','2017-12-17 15:01:41'),(2027,'ATHLETICS','U12','G','UNDER 12 100 MTR',3002,'2017-03-09 00:00:00','2017-03-11 00:00:00','IND','','','2017-12-17 15:01:41','2017-12-17 15:01:41'),(2028,'ATHLETICS','U12','G','UNDER 12 200 MTR',3002,'2017-03-09 00:00:00','2017-03-11 00:00:00','IND','','','2017-12-17 15:01:41','2017-12-17 15:01:41'),(2029,'ATHLETICS','U12','G','UNDER 12 LONG JUMP',3002,'2017-03-09 00:00:00','2017-03-11 00:00:00','IND','','','2017-12-17 15:01:41','2017-12-17 15:01:41'),(2030,'ATHLETICS','U12','G','UNDER 12 HIGH JUMP',3002,'2017-03-09 00:00:00','2017-03-11 00:00:00','IND','','','2017-12-17 15:01:41','2017-12-17 15:01:41'),(2031,'ATHLETICS','U12','G','UNDER 12 SHOT PUT',3002,'2017-03-09 00:00:00','2017-03-11 00:00:00','IND','','','2017-12-17 15:01:41','2017-12-17 15:01:41'),(2032,'ATHLETICS','U14','B','UNDER 14 100 MTR',3002,'2017-03-09 00:00:00','2017-03-11 00:00:00','IND','','','2017-12-17 15:01:41','2017-12-17 15:01:41'),(2033,'ATHLETICS','U14','B','UNDER 14 200 MTR',3002,'2017-03-09 00:00:00','2017-03-11 00:00:00','IND','','','2017-12-17 15:01:41','2017-12-17 15:01:41'),(2034,'ATHLETICS','U14','B','UNDER 14 400 MTR',3002,'2017-03-09 00:00:00','2017-03-11 00:00:00','IND','','','2017-12-17 15:01:41','2017-12-17 15:01:41'),(2035,'ATHLETICS','U14','B','UNDER 14 4 * 100 MTR HURDLE',3002,'2017-03-09 00:00:00','2017-03-11 00:00:00','IND','','','2017-12-17 15:01:41','2017-12-17 15:01:41'),(2036,'ATHLETICS','U14','B','UNDER 14 LONG JUMP',3002,'2017-03-09 00:00:00','2017-03-11 00:00:00','IND','','','2017-12-17 15:01:41','2017-12-17 15:01:41'),(2037,'ATHLETICS','U14','B','UNDER 14 HIGH JUMP',3002,'2017-03-09 00:00:00','2017-03-11 00:00:00','IND','','','2017-12-17 15:01:41','2017-12-17 15:01:41'),(2038,'ATHLETICS','U14','B','UNDER 14 SHOT PUT',3002,'2017-03-09 00:00:00','2017-03-11 00:00:00','IND','','','2017-12-17 15:01:41','2017-12-17 15:01:41'),(2039,'ATHLETICS','U14','B','UNDER 14 DISCUS',3002,'2017-03-09 00:00:00','2017-03-11 00:00:00','IND','','','2017-12-17 15:01:41','2017-12-17 15:01:41'),(2040,'ATHLETICS','U14','G','UNDER 14 100 MTR',3002,'2017-03-09 00:00:00','2017-03-11 00:00:00','IND','','','2017-12-17 15:01:41','2017-12-17 15:01:41'),(2041,'ATHLETICS','U14','G','UNDER 14 200 MTR',3002,'2017-03-09 00:00:00','2017-03-11 00:00:00','IND','','','2017-12-17 15:01:41','2017-12-17 15:01:41'),(2042,'ATHLETICS','U14','G','UNDER 14 400 MTR',3002,'2017-03-09 00:00:00','2017-03-11 00:00:00','IND','','','2017-12-17 15:01:41','2017-12-17 15:01:41'),(2043,'ATHLETICS','U14','G','UNDER 14 4 * 100 MTR HURDLE',3002,'2017-03-09 00:00:00','2017-03-11 00:00:00','IND','','','2017-12-17 15:01:41','2017-12-17 15:01:41'),(2044,'ATHLETICS','U14','G','UNDER 14 LONG JUMP',3002,'2017-03-09 00:00:00','2017-03-11 00:00:00','IND','','','2017-12-17 15:01:41','2017-12-17 15:01:41'),(2045,'ATHLETICS','U14','G','UNDER 14 HIGH JUMP',3002,'2017-03-09 00:00:00','2017-03-11 00:00:00','IND','','','2017-12-17 15:01:41','2017-12-17 15:01:41'),(2046,'ATHLETICS','U14','G','UNDER 14 SHOT PUT',3002,'2017-03-09 00:00:00','2017-03-11 00:00:00','IND','','','2017-12-17 15:01:41','2017-12-17 15:01:41'),(2047,'ATHLETICS','U14','G','UNDER 14 DISCUS',3002,'2017-03-09 00:00:00','2017-03-11 00:00:00','IND','','','2017-12-17 15:01:41','2017-12-17 15:01:41'),(2048,'ATHLETICS','U16','B','UNDER 16 100 MTR',3002,'2017-03-09 00:00:00','2017-03-11 00:00:00','IND','','','2017-12-17 15:01:41','2017-12-17 15:01:41'),(2049,'ATHLETICS','U16','B','UNDER 16 200 MTR',3002,'2017-03-09 00:00:00','2017-03-11 00:00:00','IND','','','2017-12-17 15:01:41','2017-12-17 15:01:41'),(2050,'ATHLETICS','U16','B','UNDER 16 400 MTR',3002,'2017-03-09 00:00:00','2017-03-11 00:00:00','IND','','','2017-12-17 15:01:41','2017-12-17 15:01:41'),(2051,'ATHLETICS','U16','B','UNDER 16 110 MTR HURDLE',3002,'2017-03-09 00:00:00','2017-03-11 00:00:00','IND','','','2017-12-17 15:01:41','2017-12-17 15:01:41'),(2052,'ATHLETICS','U16','B','UNDER 16 LONG JUMP',3002,'2017-03-09 00:00:00','2017-03-11 00:00:00','IND','','','2017-12-17 15:01:41','2017-12-17 15:01:41'),(2053,'ATHLETICS','U16','B','UNDER 16 HIGH JUMP',3002,'2017-03-09 00:00:00','2017-03-11 00:00:00','IND','','','2017-12-17 15:01:41','2017-12-17 15:01:41'),(2054,'ATHLETICS','U16','B','UNDER 16 SHOT PUT',3002,'2017-03-09 00:00:00','2017-03-11 00:00:00','IND','','','2017-12-17 15:01:41','2017-12-17 15:01:41'),(2055,'ATHLETICS','U16','B','UNDER 16 DISCUS',3002,'2017-03-09 00:00:00','2017-03-11 00:00:00','IND','','','2017-12-17 15:01:41','2017-12-17 15:01:41'),(2056,'ATHLETICS','U16','B','UNDER 16 800 MTR ',3002,'2017-03-09 00:00:00','2017-03-11 00:00:00','IND','','','2017-12-17 15:01:41','2017-12-17 15:01:41'),(2057,'ATHLETICS','U16','B','UNDER 16 JAVELLINE',3002,'2017-03-09 00:00:00','2017-03-11 00:00:00','IND','','','2017-12-17 15:01:41','2017-12-17 15:01:41'),(2058,'ATHLETICS','U16','B','UNDER 16 4*100 RELAY',3002,'2017-03-09 00:00:00','2017-03-11 00:00:00','TEAM','','','2017-12-17 15:01:41','2017-12-17 15:01:41'),(2059,'ATHLETICS','U16','G','UNDER 16 100 MTR',3002,'2017-03-09 00:00:00','2017-03-11 00:00:00','IND','','','2017-12-17 15:01:41','2017-12-17 15:01:41'),(2060,'ATHLETICS','U16','G','UNDER 16 200 MTR',3002,'2017-03-09 00:00:00','2017-03-11 00:00:00','IND','','','2017-12-17 15:01:41','2017-12-17 15:01:41'),(2061,'ATHLETICS','U16','G','UNDER 16 400 MTR',3002,'2017-03-09 00:00:00','2017-03-11 00:00:00','IND','','','2017-12-17 15:01:41','2017-12-17 15:01:41'),(2062,'ATHLETICS','U16','G','UNDER 16 110 MTR HURDLE',3002,'2017-03-09 00:00:00','2017-03-11 00:00:00','IND','','','2017-12-17 15:01:41','2017-12-17 15:01:41'),(2063,'ATHLETICS','U16','G','UNDER 16 LONG JUMP',3002,'2017-03-09 00:00:00','2017-03-11 00:00:00','IND','','','2017-12-17 15:01:41','2017-12-17 15:01:41'),(2064,'ATHLETICS','U16','G','UNDER 16 HIGH JUMP',3002,'2017-03-09 00:00:00','2017-03-11 00:00:00','IND','','','2017-12-17 15:01:41','2017-12-17 15:01:41'),(2065,'ATHLETICS','U16','G','UNDER 16 SHOT PUT',3002,'2017-03-09 00:00:00','2017-03-11 00:00:00','IND','','','2017-12-17 15:01:41','2017-12-17 15:01:41'),(2066,'ATHLETICS','U16','G','UNDER 16 DISCUS',3002,'2017-03-09 00:00:00','2017-03-11 00:00:00','IND','','','2017-12-17 15:01:41','2017-12-17 15:01:41'),(2067,'ATHLETICS','U16','G','UNDER 16 800 MTR ',3002,'2017-03-09 00:00:00','2017-03-11 00:00:00','IND','','','2017-12-17 15:01:41','2017-12-17 15:01:41'),(2068,'ATHLETICS','U16','G','UNDER 16 JAVELIN',3002,'2017-03-09 00:00:00','2017-03-11 00:00:00','IND','','','2017-12-17 15:01:41','2017-12-17 15:01:41'),(2069,'ATHLETICS','U16','G','UNDER 16 4*100 RELAY',3002,'2017-03-09 00:00:00','2017-03-11 00:00:00','TEAM','','','2017-12-17 15:01:41','2017-12-17 15:01:41'),(2070,'SWIMMING','U10','B','UNDER 10 FREESTYLE 50 M',3010,'2017-03-09 00:00:00','2017-03-12 00:00:00','IND','','','2017-12-17 15:01:41','2017-12-17 15:01:41'),(2071,'SWIMMING','U10','B','UNDER 10 BACKSTROKE 50 M',3010,'2017-03-09 00:00:00','2017-03-12 00:00:00','IND','','','2017-12-17 15:01:41','2017-12-17 15:01:41'),(2072,'SWIMMING','U10','B','UNDER 10 BREASTSTROKE 50 M',3010,'2017-03-09 00:00:00','2017-03-12 00:00:00','IND','','','2017-12-17 15:01:41','2017-12-17 15:01:41'),(2073,'SWIMMING','U10','B','UNDER 10 BUTTERFLY 50 M',3010,'2017-03-09 00:00:00','2017-03-12 00:00:00','IND','','','2017-12-17 15:01:41','2017-12-17 15:01:41'),(2074,'SWIMMING','U10','G','UNDER 10 FREESTYLE 50 M',3010,'2017-03-09 00:00:00','2017-03-12 00:00:00','IND','','','2017-12-17 15:01:41','2017-12-17 15:01:41'),(2075,'SWIMMING','U10','G','UNDER 10 BACKSTROKE 50 M',3010,'2017-03-09 00:00:00','2017-03-12 00:00:00','IND','','','2017-12-17 15:01:41','2017-12-17 15:01:41'),(2076,'SWIMMING','U10','G','UNDER 10 BREASTSTROKE 50 M',3010,'2017-03-09 00:00:00','2017-03-12 00:00:00','IND','','','2017-12-17 15:01:41','2017-12-17 15:01:41'),(2077,'SWIMMING','U10','G','UNDER 10 BUTTERFLY 50 M',3010,'2017-03-09 00:00:00','2017-03-12 00:00:00','IND','','','2017-12-17 15:01:41','2017-12-17 15:01:41'),(2078,'SWIMMING','U12','B','UNDER 12 FREESTYLE 50 M',3010,'2017-03-09 00:00:00','2017-03-12 00:00:00','IND','','','2017-12-17 15:01:41','2017-12-17 15:01:41'),(2079,'SWIMMING','U12','B','UNDER 12 BACKSTROKE 50 M',3001,'2017-03-09 00:00:00','2017-03-12 00:00:00','IND','','','2017-12-17 15:01:41','2017-12-17 15:01:41'),(2080,'SWIMMING','U12','B','UNDER 12 BREASTSTROKE 50 M',3001,'2017-03-09 00:00:00','2017-03-12 00:00:00','IND','','','2017-12-17 15:01:41','2017-12-17 15:01:41'),(2081,'SWIMMING','U12','B','UNDER 12 BUTTERFLY 50 M',3009,'2017-03-09 00:00:00','2017-03-12 00:00:00','IND','','','2017-12-17 15:01:41','2017-12-17 15:01:41'),(2082,'SWIMMING','U12','G','UNDER 12 FREESTYLE 50 M',3009,'2017-03-09 00:00:00','2017-03-12 00:00:00','IND','','','2017-12-17 15:01:41','2017-12-17 15:01:41'),(2083,'SWIMMING','U12','G','UNDER 12 BACKSTROKE 50 M',3009,'2017-03-09 00:00:00','2017-03-12 00:00:00','IND','','','2017-12-17 15:01:41','2017-12-17 15:01:41'),(2084,'SWIMMING','U12','G','UNDER 12 BREASTSTROKE 50 M',3009,'2017-03-09 00:00:00','2017-03-12 00:00:00','IND','','','2017-12-17 15:01:41','2017-12-17 15:01:41'),(2085,'SWIMMING','U12','G','UNDER 12 BUTTERFLY 50 M',3009,'2017-03-09 00:00:00','2017-03-12 00:00:00','IND','','','2017-12-17 15:01:41','2017-12-17 15:01:41'),(2086,'SWIMMING','U14','B','UNDER 14 FREESTYLE 50 M',3009,'2017-03-09 00:00:00','2017-03-12 00:00:00','IND','','','2017-12-17 15:01:41','2017-12-17 15:01:41'),(2087,'SWIMMING','U14','B','UNDER 14 BACKSTROKE 50 M',3009,'2017-03-09 00:00:00','2017-03-12 00:00:00','IND','','','2017-12-17 15:01:41','2017-12-17 15:01:41'),(2088,'SWIMMING','U14','B','UNDER 14 BREASTSTROKE 50 M',3009,'2017-03-09 00:00:00','2017-03-12 00:00:00','IND','','','2017-12-17 15:01:41','2017-12-17 15:01:41'),(2089,'SWIMMING','U14','B','UNDER 14 BUTTERFLY 50 M',3009,'2017-03-09 00:00:00','2017-03-12 00:00:00','IND','','','2017-12-17 15:01:41','2017-12-17 15:01:41'),(2090,'SWIMMING','U14','B','UNDER 14 200 MTR IND MIDLAY',3009,'2017-03-09 00:00:00','2017-03-12 00:00:00','IND','','','2017-12-17 15:01:41','2017-12-17 15:01:41'),(2091,'SWIMMING','U14','G','UNDER 14 FREESTYLE 50 M',3009,'2017-03-09 00:00:00','2017-03-12 00:00:00','IND','','','2017-12-17 15:01:41','2017-12-17 15:01:41'),(2092,'SWIMMING','U14','G','UNDER 14 BACKSTROKE 50 M',3009,'2017-03-09 00:00:00','2017-03-12 00:00:00','IND','','','2017-12-17 15:01:41','2017-12-17 15:01:41'),(2093,'SWIMMING','U14','G','UNDER 14 BREASTSTROKE 50 M',3009,'2017-03-09 00:00:00','2017-03-12 00:00:00','IND','','','2017-12-17 15:01:41','2017-12-17 15:01:41'),(2094,'SWIMMING','U14','G','UNDER 14 BUTTERFLY 50 M',3009,'2017-03-09 00:00:00','2017-03-12 00:00:00','IND','','','2017-12-17 15:01:41','2017-12-17 15:01:41'),(2095,'SWIMMING','U14','G','UNDER 14 200 MTR IND MIDLAY',3009,'2017-03-09 00:00:00','2017-03-12 00:00:00','IND','','','2017-12-17 15:01:41','2017-12-17 15:01:41'),(2096,'LANGADI','U14','B','UNDER 14 TEAM',3001,'2017-03-10 00:00:00','2017-03-11 00:00:00','TEAM','','','2017-12-17 15:01:41','2017-12-17 15:01:41'),(2097,'SWIMMING','U16','B','UNDER 16 FREESTYLE 50 M',3009,'2017-03-09 00:00:00','2017-03-12 00:00:00','IND','','','2017-12-17 15:01:41','2017-12-17 15:01:41'),(2098,'LANGADI','U14','G','UNDER 14 TEAM',3001,'2017-03-10 00:00:00','2017-03-11 00:00:00','TEAM','','','2017-12-17 15:01:41','2017-12-17 15:01:41'),(2099,'SWIMMING','U16','B','UNDER 16 BACKSTROKE 50 M',3009,'2017-03-09 00:00:00','2017-03-12 00:00:00','IND','','','2017-12-17 15:01:41','2017-12-17 15:01:41'),(2100,'ARCHERY','U10','B','UNDER 10 INDIAN ROUND',3009,'2017-03-10 00:00:00','2017-03-12 00:00:00','IND','','','2017-12-17 15:01:41','2017-12-17 15:01:41'),(2101,'SWIMMING','U16','B','UNDER 16 BREASTSTROKE 50 M',3009,'2017-03-09 00:00:00','2017-03-12 00:00:00','IND','','','2017-12-17 15:01:41','2017-12-17 15:01:41'),(2102,'ARCHERY','U10','B','UNDER 10 RECURVE ROUND',3009,'2017-03-10 00:00:00','2017-03-12 00:00:00','IND','','','2017-12-17 15:01:41','2017-12-17 15:01:41'),(2103,'SWIMMING','U16','B','UNDER 16 BUTTERFLY 50 M',3009,'2017-03-09 00:00:00','2017-03-12 00:00:00','IND','','','2017-12-17 15:01:41','2017-12-17 15:01:41'),(2104,'ARCHERY','U10','G','UNDER 10 INDIAN ROUND',3009,'2017-03-10 00:00:00','2017-03-12 00:00:00','IND','','','2017-12-17 15:01:41','2017-12-17 15:01:41'),(2105,'SWIMMING','U16','B','UNDER 16 200 MTR IND MIDLAY',3009,'2017-03-09 00:00:00','2017-03-12 00:00:00','IND','','','2017-12-17 15:01:41','2017-12-17 15:01:41'),(2106,'ARCHERY','U10','G','UNDER 10 RECURVE ROUND',3009,'2017-03-10 00:00:00','2017-03-12 00:00:00','IND','','','2017-12-17 15:01:41','2017-12-17 15:01:41'),(2107,'SWIMMING','U16','G','UNDER 16 FREESTYLE 50 M',3009,'2017-03-09 00:00:00','2017-03-12 00:00:00','IND','','','2017-12-17 15:01:41','2017-12-17 15:01:41'),(2108,'ARCHERY','U14','B','MINI SUB JR. INDIAN ROUND',3009,'2017-03-10 00:00:00','2017-03-12 00:00:00','IND','','','2017-12-17 15:01:41','2017-12-17 15:01:41'),(2109,'SWIMMING','U16','G','UNDER 16 BACKSTROKE 50 M',3009,'2017-03-09 00:00:00','2017-03-12 00:00:00','IND','','','2017-12-17 15:01:41','2017-12-17 15:01:41'),(2110,'ARCHERY','U14','B','MINI SUB JR. RECURVE ROUND',3009,'2017-03-10 00:00:00','2017-03-12 00:00:00','IND','','','2017-12-17 15:01:41','2017-12-17 15:01:41'),(2111,'SWIMMING','U16','G','UNDER 16 BREASTSTROKE 50 M',3009,'2017-03-09 00:00:00','2017-03-12 00:00:00','IND','','','2017-12-17 15:01:41','2017-12-17 15:01:41'),(2112,'ARCHERY','U14','B','MINI SUB JR. COMPOUND ROUND',3009,'2017-03-10 00:00:00','2017-03-12 00:00:00','IND','','','2017-12-17 15:01:41','2017-12-17 15:01:41'),(2113,'SWIMMING','U16','G','UNDER 16 BUTTERFLY 50 M',3009,'2017-03-09 00:00:00','2017-03-12 00:00:00','IND','','','2017-12-17 15:01:41','2017-12-17 15:01:41'),(2114,'ARCHERY','U14','G','MINI SUB JR. INDIAN ROUND',3009,'2017-03-10 00:00:00','2017-03-12 00:00:00','IND','','','2017-12-17 15:01:41','2017-12-17 15:01:41'),(2115,'SWIMMING','U16','G','UNDER 16 200 MTR IND MIDLAY',3009,'2017-03-09 00:00:00','2017-03-12 00:00:00','IND','','','2017-12-17 15:01:41','2017-12-17 15:01:41'),(2116,'ARCHERY','U14','G','MINI SUB JR. RECURVE ROUND',3009,'2017-03-10 00:00:00','2017-03-12 00:00:00','IND','','','2017-12-17 15:01:41','2017-12-17 15:01:41'),(2117,'ARCHERY','U14','G','MINI SUB JR. COMPOUND ROUND',3009,'2017-03-10 00:00:00','2017-03-12 00:00:00','IND','','','2017-12-17 15:01:41','2017-12-17 15:01:41'),(2118,'ARCHERY','U18','B','SUB JR. INDIAN ROUND',3009,'2017-03-10 00:00:00','2017-03-12 00:00:00','IND','','','2017-12-17 15:01:41','2017-12-17 15:01:41'),(2119,'ARCHERY','U18','B','SUB JR. RECURVE ROUND',3009,'2017-03-10 00:00:00','2017-03-12 00:00:00','IND','','','2017-12-17 15:01:41','2017-12-17 15:01:41'),(2120,'ARCHERY','U18','B','SUB JR. COMPOUND ROUND',3009,'2017-03-10 00:00:00','2017-03-12 00:00:00','IND','','','2017-12-17 15:01:41','2017-12-17 15:01:41'),(2121,'ARCHERY','U18','G','SUB JR. INDIAN ROUND',3009,'2017-03-10 00:00:00','2017-03-12 00:00:00','IND','','','2017-12-17 15:01:41','2017-12-17 15:01:41'),(2122,'ARCHERY','U18','G','SUB JR. RECURVE ROUND',3009,'2017-03-10 00:00:00','2017-03-12 00:00:00','IND','','','2017-12-17 15:01:41','2017-12-17 15:01:41'),(2123,'ARCHERY','U18','G','SUB JR. COMPOUND ROUND',3009,'2017-03-10 00:00:00','2017-03-12 00:00:00','IND','','','2017-12-17 15:01:41','2017-12-17 15:01:41'),(2124,'ARCHERY','U21','B','JUNIOR INDIAN ROUND',3009,'2017-03-10 00:00:00','2017-03-12 00:00:00','IND','','','2017-12-17 15:01:41','2017-12-17 15:01:41'),(2125,'ARCHERY','U21','B','JUNIOR RECURVE ROUND',3009,'2017-03-10 00:00:00','2017-03-12 00:00:00','IND','','','2017-12-17 15:01:41','2017-12-17 15:01:41'),(2126,'ARCHERY','U21','B','JUNIOR COMPOUND ROUND',3009,'2017-03-10 00:00:00','2017-03-12 00:00:00','IND','','','2017-12-17 15:01:41','2017-12-17 15:01:41'),(2127,'ARCHERY','U21','G','JUNIOR INDIAN ROUND',3009,'2017-03-10 00:00:00','2017-03-12 00:00:00','IND','','','2017-12-17 15:01:41','2017-12-17 15:01:41'),(2128,'ARCHERY','U21','G','JUNIOR RECURVE ROUND',3009,'2017-03-10 00:00:00','2017-03-12 00:00:00','IND','','','2017-12-17 15:01:41','2017-12-17 15:01:41'),(2129,'ARCHERY','U21','G','JUNIOR COMPOUND ROUND',3009,'2017-03-10 00:00:00','2017-03-12 00:00:00','IND','','','2017-12-17 15:01:41','2017-12-17 15:01:41'),(2130,'WALL CLIMBING','U14','B','UNDER 14 SINGLE',3004,'2017-03-10 00:00:00','2017-03-11 00:00:00','IND','','','2017-12-17 15:01:41','2017-12-17 15:01:41'),(2131,'WALL CLIMBING','U14','G','UNDER 14 SINGLE',3004,'2017-03-10 00:00:00','2017-03-11 00:00:00','IND','','','2017-12-17 15:01:41','2017-12-17 15:01:41'),(2132,'WALL CLIMBING','U19','B','UNDER 19 SINGLE',3004,'2017-03-10 00:00:00','2017-03-11 00:00:00','IND','','','2017-12-17 15:01:41','2017-12-17 15:01:41'),(2133,'WALL CLIMBING','U19','G','UNDER 19 SINGLE',3004,'2017-03-10 00:00:00','2017-03-11 00:00:00','IND','','','2017-12-17 15:01:41','2017-12-17 15:01:41'),(2134,'CARROM','U14','B','UNDER 14 SINGLE',3007,'2017-03-10 00:00:00','2017-03-12 00:00:00','IND','','','2017-12-17 15:01:41','2017-12-17 15:01:41'),(2135,'CARROM','U14','G','UNDER 14 SINGLE',3007,'2017-03-10 00:00:00','2017-03-12 00:00:00','IND','','','2017-12-17 15:01:41','2017-12-17 15:01:41'),(2136,'CARROM','U18','B','UNDER 18 SINGLE',3007,'2017-03-10 00:00:00','2017-03-12 00:00:00','IND','','','2017-12-17 15:01:41','2017-12-17 15:01:41'),(2137,'CARROM','U18','G','UNDER 18 SINGLE',3007,'2017-03-10 00:00:00','2017-03-12 00:00:00','IND','','','2017-12-17 15:01:41','2017-12-17 15:01:41'),(2138,'KABADDI','U14','B','UNDER 14 TEAM',3001,'2017-03-10 00:00:00','2017-03-11 00:00:00','TEAM','','','2017-12-17 15:01:41','2017-12-17 15:01:41'),(2139,'KABADDI','U14','G','UNDER 14 TEAM',3001,'2017-03-10 00:00:00','2017-03-11 00:00:00','TEAM','','','2017-12-17 15:01:41','2017-12-17 15:01:41'),(2140,'KABADDI','U18','B','UNDER 18 TEAM',3001,'2017-03-10 00:00:00','2017-03-11 00:00:00','TEAM','','','2017-12-17 15:01:41','2017-12-17 15:01:41'),(2141,'TT','U14','B','UNDER 14 SINGLE',3007,'2017-03-12 00:00:00','2017-03-13 00:00:00','IND','','','2017-12-17 15:01:41','2017-12-17 15:01:41'),(2142,'KABADDI','U18','G','UNDER 18 TEAM',3001,'2017-03-10 00:00:00','2017-03-11 00:00:00','TEAM','','','2017-12-17 15:01:41','2017-12-17 15:01:41'),(2143,'TT','U14','G','UNDER 14 SINGLE',3007,'2017-03-12 00:00:00','2017-03-13 00:00:00','IND','','','2017-12-17 15:01:41','2017-12-17 15:01:41'),(2144,'FOOTBALL','U14','B','UNDER 14 TEAM',3005,'2017-03-12 00:00:00','2017-03-15 00:00:00','TEAM','','','2017-12-17 15:01:41','2017-12-17 15:01:41'),(2145,'TT','U17','B','UNDER 17 SINGLE',3007,'2017-03-12 00:00:00','2017-03-13 00:00:00','IND','','','2017-12-17 15:01:41','2017-12-17 15:01:41'),(2146,'FOOTBALL','U17','B','UNDER 17 TEAM',3005,'2017-03-12 00:00:00','2017-03-15 00:00:00','TEAM','','','2017-12-17 15:01:41','2017-12-17 15:01:41'),(2147,'TT','U17','G','UNDER 17 SINGLE',3007,'2017-03-12 00:00:00','2017-03-13 00:00:00','IND','','','2017-12-17 15:01:41','2017-12-17 15:01:41'),(2148,'KHO KHO','U14','B','UNDER 14 TEAM',3006,'2017-03-11 00:00:00','2017-03-13 00:00:00','TEAM','','','2017-12-17 15:01:41','2017-12-17 15:01:41'),(2149,'TT','U19','B','UNDER 19 SINGLE',3007,'2017-03-12 00:00:00','2017-03-13 00:00:00','IND','','','2017-12-17 15:01:41','2017-12-17 15:01:41'),(2150,'KHO KHO','U14','G','UNDER 14 TEAM',3006,'2017-03-11 00:00:00','2017-03-13 00:00:00','TEAM','','','2017-12-17 15:01:41','2017-12-17 15:01:41'),(2151,'TT','U19','G','UNDER 19 SINGLE',3007,'2017-03-12 00:00:00','2017-03-13 00:00:00','IND','','','2017-12-17 15:01:41','2017-12-17 15:01:41'),(2152,'CHESS','U14','B','UNDER 14 SINGLE',3007,'2017-03-13 00:00:00','2017-03-15 00:00:00','IND','','','2017-12-17 15:01:41','2017-12-17 15:01:41'),(2153,'KHO KHO','U18','B','UNDER 18 TEAM',3006,'2017-03-11 00:00:00','2017-03-13 00:00:00','TEAM','','','2017-12-17 15:01:41','2017-12-17 15:01:41'),(2154,'CHESS','U14','G','UNDER 14 SINGLE',3007,'2017-03-13 00:00:00','2017-03-15 00:00:00','IND','','','2017-12-17 15:01:41','2017-12-17 15:01:41'),(2155,'KHO KHO','U18','G','UNDER 18 TEAM',3006,'2017-03-11 00:00:00','2017-03-13 00:00:00','TEAM','','','2017-12-17 15:01:41','2017-12-17 15:01:41'),(2156,'CHESS','U18','B','UNDER 18 SINGLE',3007,'2017-03-13 00:00:00','2017-03-15 00:00:00','IND','','','2017-12-17 15:01:41','2017-12-17 15:01:41'),(2157,'CHESS','U18','G','UNDER 18 SINGLE',3007,'2017-03-13 00:00:00','2017-03-15 00:00:00','IND','','','2017-12-17 15:01:41','2017-12-17 15:01:41'),(2158,'ATHLETICS','U18','B','UNDER 18 100 MTR',3002,'2017-03-09 00:00:00','2017-03-11 00:00:00','IND','','','2017-12-17 15:01:41','2017-12-17 15:01:41'),(2159,'ATHLETICS','U18','B','UNDER 18 200 MTR',3002,'2017-03-09 00:00:00','2017-03-11 00:00:00','IND','','','2017-12-17 15:01:41','2017-12-17 15:01:41'),(2160,'ATHLETICS','U18','B','UNDER 18 400 MTR',3002,'2017-03-09 00:00:00','2017-03-11 00:00:00','IND','','','2017-12-17 15:01:41','2017-12-17 15:01:41'),(2161,'ATHLETICS','U18','B','UNDER 18 110 MTR HURDLE',3002,'2017-03-09 00:00:00','2017-03-11 00:00:00','IND','','','2017-12-17 15:01:41','2017-12-17 15:01:41'),(2162,'ATHLETICS','U18','B','UNDER 18 LONG JUMP',3002,'2017-03-09 00:00:00','2017-03-11 00:00:00','IND','','','2017-12-17 15:01:41','2017-12-17 15:01:41'),(2163,'ATHLETICS','U18','B','UNDER 18 HIGH JUMP',3002,'2017-03-09 00:00:00','2017-03-11 00:00:00','IND','','','2017-12-17 15:01:41','2017-12-17 15:01:41'),(2164,'ATHLETICS','U18','B','UNDER 18 SHOT PUT',3002,'2017-03-09 00:00:00','2017-03-11 00:00:00','IND','','','2017-12-17 15:01:41','2017-12-17 15:01:41'),(2165,'ATHLETICS','U18','B','UNDER 18 DISCUS',3002,'2017-03-09 00:00:00','2017-03-11 00:00:00','IND','','','2017-12-17 15:01:41','2017-12-17 15:01:41'),(2166,'ATHLETICS','U18','B','UNDER 18 800 MTR ',3002,'2017-03-09 00:00:00','2017-03-11 00:00:00','IND','','','2017-12-17 15:01:41','2017-12-17 15:01:41'),(2167,'ATHLETICS','U18','B','UNDER 18 JAVELIN',3002,'2017-03-09 00:00:00','2017-03-11 00:00:00','IND','','','2017-12-17 15:01:41','2017-12-17 15:01:41'),(2168,'ATHLETICS','U18','B','UNDER 18 4*100 RELAY',3002,'2017-03-09 00:00:00','2017-03-11 00:00:00','TEAM','','','2017-12-17 15:01:41','2017-12-17 15:01:41'),(2169,'ATHLETICS','U18','B','UNDER 18 1500 MTR',3002,'2017-03-09 00:00:00','2017-03-11 00:00:00','TEAM','','','2017-12-17 15:01:41','2017-12-17 15:01:41'),(2170,'ATHLETICS','U18','B','UNDER 18 3000 MTR',3002,'2017-03-09 00:00:00','2017-03-11 00:00:00','TEAM','','','2017-12-17 15:01:41','2017-12-17 15:01:41'),(2171,'ATHLETICS','U18','G','UNDER 18 100 MTR',3002,'2017-03-09 00:00:00','2017-03-11 00:00:00','IND','','','2017-12-17 15:01:41','2017-12-17 15:01:41'),(2172,'ATHLETICS','U18','G','UNDER 18 200 MTR',3002,'2017-03-09 00:00:00','2017-03-11 00:00:00','IND','','','2017-12-17 15:01:41','2017-12-17 15:01:41'),(2173,'ATHLETICS','U18','G','UNDER 18 400 MTR',3002,'2017-03-09 00:00:00','2017-03-11 00:00:00','IND','','','2017-12-17 15:01:41','2017-12-17 15:01:41'),(2174,'ATHLETICS','U18','G','UNDER 18 110 MTR HURDLE',3002,'2017-03-09 00:00:00','2017-03-11 00:00:00','IND','','','2017-12-17 15:01:41','2017-12-17 15:01:41'),(2175,'ATHLETICS','U18','G','UNDER 18 LONG JUMP',3002,'2017-03-09 00:00:00','2017-03-11 00:00:00','IND','','','2017-12-17 15:01:41','2017-12-17 15:01:41'),(2176,'ATHLETICS','U18','G','UNDER 18 HIGH JUMP',3002,'2017-03-09 00:00:00','2017-03-11 00:00:00','IND','','','2017-12-17 15:01:41','2017-12-17 15:01:41'),(2177,'ATHLETICS','U18','G','UNDER 18 SHOT PUT',3002,'2017-03-09 00:00:00','2017-03-11 00:00:00','IND','','','2017-12-17 15:01:41','2017-12-17 15:01:41'),(2178,'ATHLETICS','U18','G','UNDER 18 DISCUS',3002,'2017-03-09 00:00:00','2017-03-11 00:00:00','IND','','','2017-12-17 15:01:41','2017-12-17 15:01:41'),(2179,'ATHLETICS','U18','G','UNDER 18 800 MTR ',3002,'2017-03-09 00:00:00','2017-03-11 00:00:00','IND','','','2017-12-17 15:01:41','2017-12-17 15:01:41'),(2180,'ATHLETICS','U18','G','UNDER 18 JAVELIN',3002,'2017-03-09 00:00:00','2017-03-11 00:00:00','IND','','','2017-12-17 15:01:41','2017-12-17 15:01:41'),(2181,'ATHLETICS','U18','G','UNDER 18 4*100 RELAY',3002,'2017-03-09 00:00:00','2017-03-11 00:00:00','TEAM','','','2017-12-17 15:01:41','2017-12-17 15:01:41'),(2182,'ATHLETICS','U18','G','UNDER 18 1500 MTR',3002,'2017-03-09 00:00:00','2017-03-11 00:00:00','TEAM','','','2017-12-17 15:01:41','2017-12-17 15:01:41'),(2183,'ATHLETICS','U18','G','UNDER 18 3000 MTR',3002,'2017-03-09 00:00:00','2017-03-11 00:00:00','TEAM','','','2017-12-17 15:01:41','2017-12-17 15:01:41'),(2184,'FOOTBALL','U17','B','UNDER 19 TEAM',3005,'2017-03-12 00:00:00','2017-03-15 00:00:00','TEAM','','','2017-12-17 15:01:41','2017-12-17 15:01:41'),(9004,'ARCHERY','U10','G','UNDER 10 RECURVE ROUND',NULL,'0000-00-00 00:00:00','0000-00-00 00:00:00','IND','','','2017-12-31 01:40:23','2017-12-31 01:40:23');
/*!40000 ALTER TABLE `game` ENABLE KEYS */;
UNLOCK TABLES;

--
-- Table structure for table `master_codes`
--

DROP TABLE IF EXISTS `master_codes`;
/*!40101 SET @saved_cs_client     = @@character_set_client */;
/*!40101 SET character_set_client = utf8 */;
CREATE TABLE `master_codes` (
  `CODE_ID` int(8) NOT NULL DEFAULT '0',
  `CODE_TYPE` varchar(20) DEFAULT NULL,
  `CODE_DESC` varchar(20) DEFAULT NULL,
  `CODE` varchar(20) DEFAULT '',
  `VALUE` varchar(20) DEFAULT '',
  `INSERT_DATE_TIME` datetime DEFAULT CURRENT_TIMESTAMP,
  `UPDATE_DATE_TIME` datetime DEFAULT CURRENT_TIMESTAMP,
  PRIMARY KEY (`CODE_ID`)
) ENGINE=InnoDB DEFAULT CHARSET=latin1;
/*!40101 SET character_set_client = @saved_cs_client */;

--
-- Dumping data for table `master_codes`
--

LOCK TABLES `master_codes` WRITE;
/*!40000 ALTER TABLE `master_codes` DISABLE KEYS */;
INSERT INTO `master_codes` VALUES (10001,'GND','GENDER','B','BOYS','2017-12-17 15:01:41','2017-12-17 15:01:41'),(10002,'GND','GENDER','G','GIRLS','2017-12-17 15:01:41','2017-12-17 15:01:41'),(10003,'AGRP','AGE GROUP','10','U10','2017-12-17 15:01:41','2017-12-17 15:01:41'),(10004,'AGRP','AGE GROUP','12','U12','2017-12-17 15:01:41','2017-12-17 15:01:41'),(10005,'AGRP','AGE GROUP','14','U14','2017-12-17 15:01:41','2017-12-17 15:01:41'),(10006,'AGRP','AGE GROUP','16','U16','2017-12-17 15:01:41','2017-12-17 15:01:41'),(10007,'AGRP','AGE GROUP','17','U17','2017-12-17 15:01:41','2017-12-17 15:01:41'),(10008,'AGRP','AGE GROUP','18','U18','2017-12-17 15:01:41','2017-12-17 15:01:41'),(10009,'AGRP','AGE GROUP','19','U19','2017-12-17 15:01:41','2017-12-17 15:01:41'),(10010,'AGRP','AGE GROUP','20','U20','2017-12-17 15:01:41','2017-12-17 15:01:41'),(10011,'AGRP','AGE GROUP','21','U21','2017-12-17 15:01:41','2017-12-17 15:01:41'),(10012,'EVNT_TYP','EVENT TYPE','S','SINGLE','2017-12-17 15:01:41','2017-12-17 15:01:41'),(10013,'EVNT_TYP','EVENT TYPE','OS','OPEN SIGHT','2017-12-17 15:01:41','2017-12-17 15:01:41'),(10014,'EVNT_TYP','EVENT TYPE','PS','PIP SIGHT','2017-12-17 15:01:41','2017-12-17 15:01:41'),(10015,'EVNT_TYP','EVENT TYPE','AP','AIR PISTOL','2017-12-17 15:01:41','2017-12-17 15:01:41'),(10016,'EVNT_TYP','EVENT TYPE','100','100 MTR','2017-12-17 15:01:41','2017-12-17 15:01:41'),(10017,'EVNT_TYP','EVENT TYPE','200','200 MTR','2017-12-17 15:01:41','2017-12-17 15:01:41'),(10018,'EVNT_TYP','EVENT TYPE','LJ','LONG JUMP','2017-12-17 15:01:41','2017-12-17 15:01:41'),(10019,'EVNT_TYP','EVENT TYPE','HJ','HIGH JUMP','2017-12-17 15:01:41','2017-12-17 15:01:41'),(10020,'EVNT_TYP','EVENT TYPE','SP','SHOT PUT','2017-12-17 15:01:41','2017-12-17 15:01:41'),(10021,'EVNT_TYP','EVENT TYPE','400','400 MTR','2017-12-17 15:01:41','2017-12-17 15:01:41'),(10022,'EVNT_TYP','EVENT TYPE','HRD','100 MTR HURDLE','2017-12-17 15:01:41','2017-12-17 15:01:41'),(10023,'EVNT_TYP','EVENT TYPE','D','DISCUSS','2017-12-17 15:01:41','2017-12-17 15:01:41'),(10024,'EVNT_TYP','EVENT TYPE','110','110 MTR HURDLE','2017-12-17 15:01:41','2017-12-17 15:01:41'),(10025,'EVNT_TYP','EVENT TYPE','800','800 MTR ','2017-12-17 15:01:41','2017-12-17 15:01:41'),(10026,'EVNT_TYP','EVENT TYPE','J','JAVELLINE','2017-12-17 15:01:41','2017-12-17 15:01:41'),(10027,'EVNT_TYP','EVENT TYPE','REL','4*100 RELAY','2017-12-17 15:01:41','2017-12-17 15:01:41'),(10028,'EVNT_TYP','EVENT TYPE','FR','50 MTR FREE','2017-12-17 15:01:41','2017-12-17 15:01:41'),(10029,'EVNT_TYP','EVENT TYPE','B','BACK','2017-12-17 15:01:41','2017-12-17 15:01:41'),(10030,'EVNT_TYP','EVENT TYPE','BR','BREST','2017-12-17 15:01:41','2017-12-17 15:01:41'),(10031,'EVNT_TYP','EVENT TYPE','BUT','BUTTERFLY','2017-12-17 15:01:41','2017-12-17 15:01:41'),(10032,'EVNT_TYP','EVENT TYPE','MID','200 MTR IND MIDLAY','2017-12-17 15:01:41','2017-12-17 15:01:41'),(10033,'EVNT_TYP','EVENT TYPE','IR','INDIAN ROUND','2017-12-17 15:01:41','2017-12-17 15:01:41'),(10034,'EVNT_TYP','EVENT TYPE','RR','RECURVE ROUND','2017-12-17 15:01:41','2017-12-17 15:01:41'),(10035,'EVNT_TYP','EVENT TYPE','CR','COMPOUND ROUND','2017-12-17 15:01:41','2017-12-17 15:01:41'),(10036,'GAME_TYP','GAME TYPE','T','TEAM','2017-12-17 15:01:41','2017-12-17 15:01:41'),(10037,'GAME_TYP','GAME TYPE','I','INDIVIDUAL','2017-12-17 15:01:41','2017-12-17 15:01:41'),(10038,'DRAW_TYP','DRAW TYPE','KO','KNOCKOUT','2017-12-17 15:01:41','2017-12-17 15:01:41'),(10039,'DRAW_TYP','DRAW TYPE','RR','ROUND ROBIN','2017-12-17 15:01:41','2017-12-17 15:01:41'),(10040,'DRAW_TYP','DRAW TYPE','SE','SINGLE ELIMINATION','2017-12-17 15:01:41','2017-12-17 15:01:41'),(10041,'DRAW_TYP','DRAW TYPE','DE','DOUBLE EMILINATION','2017-12-17 15:01:41','2017-12-17 15:01:41');
/*!40000 ALTER TABLE `master_codes` ENABLE KEYS */;
UNLOCK TABLES;

--
-- Table structure for table `members`
--

DROP TABLE IF EXISTS `members`;
/*!40101 SET @saved_cs_client     = @@character_set_client */;
/*!40101 SET character_set_client = utf8 */;
CREATE TABLE `members` (
  `id` int(10) unsigned NOT NULL AUTO_INCREMENT,
  `first_name` varchar(45) NOT NULL,
  `last_name` varchar(45) NOT NULL,
  `email` varchar(45) NOT NULL,
  `uname` varchar(45) NOT NULL,
  `pass` varchar(45) NOT NULL,
  `role` varchar(25) NOT NULL,
  PRIMARY KEY (`id`)
) ENGINE=InnoDB AUTO_INCREMENT=5 DEFAULT CHARSET=latin1;
/*!40101 SET character_set_client = @saved_cs_client */;

--
-- Dumping data for table `members`
--

LOCK TABLES `members` WRITE;
/*!40000 ALTER TABLE `members` DISABLE KEYS */;
INSERT INTO `members` VALUES (1,'Ashima','Roy','ashimaroy@icici.com','ashima123','roy123','admin'),(2,'Ajinkya','Patil','ajinkya509@outlook.com','ajinkya509','ajinkya123','suser'),(3,'Aarav','Mishra','aarav509@outlook.com','aarav509','aarav123','ruser'),(4,'Anshuman','Mehta','anshuman509@outlook.com','anshuman509','anshu123','user');
/*!40000 ALTER TABLE `members` ENABLE KEYS */;
UNLOCK TABLES;

--
-- Table structure for table `parti_game`
--

DROP TABLE IF EXISTS `parti_game`;
/*!40101 SET @saved_cs_client     = @@character_set_client */;
/*!40101 SET character_set_client = utf8 */;
CREATE TABLE `parti_game` (
  `PARTI_GAME_ID` int(11) NOT NULL AUTO_INCREMENT,
  `PART_ID` int(11) NOT NULL,
  `GAME_ID` int(11) NOT NULL,
  `INSERT_USER_NAME` varchar(40) DEFAULT NULL,
  `UPDATE_USER_NAME` varchar(40) DEFAULT NULL,
  `INSERT_DATE_TIME` datetime DEFAULT CURRENT_TIMESTAMP,
  `UPDATE_DATE_TIME` datetime DEFAULT CURRENT_TIMESTAMP,
  PRIMARY KEY (`PARTI_GAME_ID`)
) ENGINE=InnoDB AUTO_INCREMENT=7 DEFAULT CHARSET=latin1;
/*!40101 SET character_set_client = @saved_cs_client */;

--
-- Dumping data for table `parti_game`
--

LOCK TABLES `parti_game` WRITE;
/*!40000 ALTER TABLE `parti_game` DISABLE KEYS */;
INSERT INTO `parti_game` VALUES (5,50052,9012,NULL,NULL,NULL,NULL),(6,50052,9013,NULL,NULL,NULL,NULL);
/*!40000 ALTER TABLE `parti_game` ENABLE KEYS */;
UNLOCK TABLES;

--
-- Table structure for table `participant`
--

DROP TABLE IF EXISTS `participant`;
/*!40101 SET @saved_cs_client     = @@character_set_client */;
/*!40101 SET character_set_client = utf8 */;
CREATE TABLE `participant` (
  `PART_ID` int(11) NOT NULL AUTO_INCREMENT,
  `FNAME` varchar(50) DEFAULT NULL,
  `MNAME` varchar(50) DEFAULT NULL,
  `LNAME` varchar(50) DEFAULT NULL,
  `DOB` varchar(10) DEFAULT NULL,
  `AGE` int(11) DEFAULT NULL,
  `SCHOOL` varchar(100) DEFAULT NULL,
  `ADDRESS_LINE1` varchar(250) DEFAULT NULL,
  `ADDRESS_LINE2` varchar(250) DEFAULT NULL,
  `STATE` varchar(20) DEFAULT NULL,
  `CITY` varchar(20) DEFAULT NULL,
  `PINCODE` int(11) DEFAULT NULL,
  `SCHOOL_ADDRESS_LINE1` varchar(250) DEFAULT NULL,
  `SCHOOL_ADDRESS_LINE2` varchar(250) DEFAULT NULL,
  `SCHOOL_STATE` varchar(20) DEFAULT NULL,
  `SCHOOL_CITY` varchar(20) DEFAULT NULL,
  `SCHOOL_PINCODE` int(11) DEFAULT NULL,
  `GENDER` varchar(6) DEFAULT NULL,
  `PHONE` varchar(11) DEFAULT NULL,
  `EMER_PHONE` varchar(11) DEFAULT NULL,
  `EMAIL_ID` varchar(40) DEFAULT NULL,
  `BLOOD_GRP` varchar(8) DEFAULT NULL,
  `ID_TYPE` varchar(20) DEFAULT NULL,
  `ID_INT` varchar(20) DEFAULT NULL,
  PRIMARY KEY (`PART_ID`)
) ENGINE=InnoDB AUTO_INCREMENT=50119 DEFAULT CHARSET=latin1;
/*!40101 SET character_set_client = @saved_cs_client */;

--
-- Dumping data for table `participant`
--

LOCK TABLES `participant` WRITE;
/*!40000 ALTER TABLE `participant` DISABLE KEYS */;
INSERT INTO `participant` VALUES (1,'Ajinkya','','Patil','0000-00-00',0,'','Officer Colony','','Option 1','Itarsi',461111,'','','','',0,'Male','2147483647','0','ajinkya509@outlook.com','','0','BCSPA5789'),(2,'Ajinkya','','Patil','2005-01-01',16,'','Officer Colony','','Option 1','Itarsi',461111,'','','','',461111,'Male','9893856323','','ajinkya509@outlook.com','','Option 1','BCSPA5789'),(3,'Ajinkya','','Patil','2005-01-01',16,'','Officer Colony','','Option 1','Itarsi',461111,'','','','',461111,'Male','9893856323','','ajinkya509@outlook.com','','Option 1','BCSPA5789'),(4,'Ajinkya','','Patil','2005-01-01',16,'','Officer Colony','','Option 1','Itarsi',461111,'','','','',461111,'Male','9893856323','','ajinkya509@outlook.com','','Option 1','BCSPA5789'),(5,'Ajinkya','','Patil','2005-01-01',16,'','Officer Colony','','Option 1','Itarsi',461111,'','','','',461111,'Male','9893856323','','ajinkya509@outlook.com','','Option 1','BCSPA5789'),(6,'Ajinkya','','Patil','2005-01-01',16,'','Officer Colony','','Option 1','Itarsi',461111,'','','','',461111,'Male','9893856323','','ajinkya509@outlook.com','','Option 1','BCSPA5789'),(7,'Ajinkya','','Patil','2005-01-01',16,'','Officer Colony','','Option 1','Itarsi',461111,'','','','',461111,'Male','9893856323','','ajinkya509@outlook.com','','Option 1','BCSPA5789'),(8,'Ajinkya','','Patil','2005-01-01',16,'','Officer Colony','','Option 1','Itarsi',461111,'','','','',461111,'Male','9893856323','','ajinkya509@outlook.com','','Option 1','BCSPA5789'),(50000,'Ajinkya','','Patil','2005-01-01',16,'','Officer Colony','','Option 1','Itarsi',461111,'','','','',461111,'Male','9893856323','','ajinkya509@outlook.com','','Option 1','BCSPA5789'),(50001,'Ajinkya','','Patil','2005-01-01',16,'','Officer Colony','','Option 1','Itarsi',461111,'','','','',461111,'Male','9893856323','','ajinkya509@outlook.com','','Option 1','BCSPA5789'),(50002,'Ajinkya','','Patil','2005-01-01',16,'','Officer Colony','','Option 1','Itarsi',461111,'','','','',461111,'Male','9893856323','','ajinkya509@outlook.com','','Option 1','BCSPA5789'),(50003,'Ajinkya','','Patil','2005-01-01',16,'','Officer Colony','','Option 1','Itarsi',461111,'','','','',461111,'Female','9893856323','','ajinkya509@outlook.com','','Option 1','BCSPA5789'),(50004,'Ajinkya','','Patil','2005-01-01',16,'','Officer Colony','','Option 1','Itarsi',461111,'','','','',461111,'Male','9893856323','','ajinkya509@outlook.com','','Option 1','BCSPA5789'),(50005,'Ajinkya','','Patil','2005-01-01',16,'','Officer Colony','','Option 1','Itarsi',461111,'','','','',461111,'Male','9893856323','','ajinkya509@outlook.com','','Option 1','BCSPA5789'),(50006,'Ajinkya','','Patil','2005-01-01',16,'','Officer Colony','','Madhya Pradesh','Itarsi',461111,'','','','',461111,'Male','9893856323','','ajinkya509@outlook.com','','Pan Card',NULL),(50007,'Ajinkya','','Patil','2005-01-01',16,'','Officer Colony','','Madhya Pradesh','Itarsi',461111,'','','','',461111,'Male','9893856323','','ajinkya509@outlook.com','','Pan Card',NULL),(50019,'Ajinkya','','Patil','2000-03-12',16,'Margregorios','Officer Colony','Railway','MP','Itarsi',461111,'Itarsi','','Madhya Pradesh','Itarsi',461111,'Male','9893856323','9893856323','ajinkya509@outlook.com','A+','Pan Card','BCSPA5378R'),(50022,'Ajinkya','','Patil','2000-03-12',16,'Margregorios','Officer Colony','Railway','MP','Itarsi',461111,'Itarsi','','Madhya Pradesh','Itarsi',461111,'Male','9893856323','9893856323','ajinkya509@outlook.com','A+','Pan Card','BCSPA5378R'),(50026,'Ajinkya','','Patil','2000-03-12',16,'Margregorios','Officer Colony','Railway','MP','Itarsi',461111,'Itarsi','','Madhya Pradesh','Itarsi',461111,'Male','9893856323','9893856323','ajinkya509@outlook.com','A+','Pan Card','BCSPA5378R'),(50028,'Ajinkya','','Patil','2000-03-12',16,'Margregorios','Officer Colony','Railway','MP','Itarsi',461111,'Itarsi','','Madhya Pradesh','Itarsi',461111,'Male','9893856323','9893856323','ajinkya509@outlook.com','A+','Pan Card','BCSPA5378R'),(50030,'Ajinkya','','Patil','2000-03-12',16,'Margregorios','Officer Colony','Railway','MP','Itarsi',461111,'Itarsi','','Madhya Pradesh','Itarsi',461111,'Male','9893856323','9893856323','ajinkya509@outlook.com','A+','Pan Card','BCSPA5378R'),(50032,'Ajinkya','','Patil','2000-03-12',16,'Margregorios','Officer Colony','Railway','MP','Itarsi',461111,'Itarsi','','Madhya Pradesh','Itarsi',461111,'Male','9893856323','9893856323','ajinkya509@outlook.com','A+','Pan Card','BCSPA5378R'),(50034,'Ajinkya','','Patil','2000-03-12',16,'Margregorios','Officer Colony','Railway','MP','Itarsi',461111,'Itarsi','','Madhya Pradesh','Itarsi',461111,'Male','9893856323','9893856323','ajinkya509@outlook.com','A+','Pan Card','BCSPA5378R'),(50035,'Ajinkya','','Patil','2000-03-12',16,'Margregorios','Officer Colony','Railway','MP','Itarsi',461111,'Itarsi','','Madhya Pradesh','Itarsi',461111,'Male','9893856323','9893856323','ajinkya509@outlook.com','A+','Pan Card','BCSPA5378R'),(50036,'Ajinkya','','Patil','2000-03-12',16,'Margregorios','Officer Colony','Railway','MP','Itarsi',461111,'Itarsi','','Madhya Pradesh','Itarsi',461111,'Male','9893856323','9893856323','ajinkya509@outlook.com','A+','Pan Card','BCSPA5378R'),(50038,'Ajinkya','','Patil','2000-03-12',16,'Margregorios','Officer Colony','Railway','MP','Itarsi',461111,'Itarsi','','Madhya Pradesh','Itarsi',461111,'Male','9893856323','9893856323','ajinkya509@outlook.com','A+','Pan Card','BCSPA5378R'),(50040,'Ajinkya','','Patil','2000-03-12',16,'Margregorios','Officer Colony','Railway','MP','Itarsi',461111,'Itarsi','','Madhya Pradesh','Itarsi',461111,'Male','9893856323','9893856323','ajinkya509@outlook.com','A+','Pan Card','BCSPA5378R'),(50045,'Ajinkya','','Patil','2000-03-12',16,'Margregorios','Officer Colony','Railway','MP','Itarsi',461111,'Itarsi','','Madhya Pradesh','Itarsi',461111,'Male','9893856323','9893856323','ajinkya509@outlook.com','A+','Pan Card','BCSPA5378R'),(50046,'Ajinkya','','Patil','2000-03-12',16,'Margregorios','Officer Colony','Railway','MP','Itarsi',461111,'Itarsi','','Madhya Pradesh','Itarsi',461111,'Male','9893856323','9893856323','ajinkya509@outlook.com','A+','Pan Card','BCSPA5378R'),(50047,'Ajinkya','','Patil','2000-03-12',16,'Margregorios','Officer Colony','Railway','MP','Itarsi',461111,'Itarsi','','Madhya Pradesh','Itarsi',461111,'Male','9893856323','9893856323','ajinkya509@outlook.com','A+','Pan Card','BCSPA5378R'),(50048,'Ajinkya','','Patil','2000-03-12',16,'Margregorios','Officer Colony','Railway','MP','Itarsi',461111,'Itarsi','','Madhya Pradesh','Itarsi',461111,'Male','9893856323','9893856323','ajinkya509@outlook.com','A+','Pan Card','BCSPA5378R'),(50049,'Ajinkya','','Patil','2000-03-12',16,'Margregorios','Officer Colony','Railway','MP','Itarsi',461111,'Itarsi','','Madhya Pradesh','Itarsi',461111,'Male','9893856323','9893856323','ajinkya509@outlook.com','A+','Pan Card','BCSPA5378R'),(50050,'Ajinkya','','Patil','2000-03-12',16,'Margregorios','Officer Colony','Railway','MP','Itarsi',461111,'Itarsi','','Madhya Pradesh','Itarsi',461111,'Male','9893856323','9893856323','ajinkya509@outlook.com','A+','Pan Card','BCSPA5378R'),(50051,'Ajinkya','','Patil','2000-03-12',16,'Margregorios','Officer Colony','Railway','MP','Itarsi',461111,'Itarsi','','Madhya Pradesh','Itarsi',461111,'Male','9893856323','9893856323','ajinkya509@outlook.com','A+','Pan Card','BCSPA5378R'),(50052,'Ajinkya','','Patil','2000-03-12',16,'Margregorios','Officer Colony','Railway','MP','Itarsi',461111,'Itarsi','','Madhya Pradesh','Itarsi',461111,'Male','9893856323','9893856323','ajinkya509@outlook.com','A+','Pan Card','BCSPA5378R'),(50063,'Ajinkya','','Patil','2000-03-12',16,'Margregorios','Officer Colony','Railway','MP','Itarsi',461111,'Itarsi','','Madhya Pradesh','Itarsi',461111,'Male','9893856323','9893856323','ajinkya509@outlook.com','A+','Pan Card','BCSPA5378R'),(50064,'Ashish','','Patil','2000-03-12',16,'Margregorios','Officer Colony','Railway','MP','Itarsi',461111,'Itarsi','','Madhya Pradesh','Itarsi',461111,'Male','9893856323','9893856323','ajinkya509@outlook.com','A+','Pan Card','BCSPA5378R'),(50065,'Shawn','','Patil','2000-03-12',16,'Margregorios','Officer Colony','Railway','MP','Itarsi',461111,'Itarsi','','Madhya Pradesh','Itarsi',461111,'Male','9893856323','9893856323','ajinkya509@outlook.com','A+','Pan Card','BCSPA5378R'),(50066,'Peter','','Patil','2000-03-12',16,'Margregorios','Officer Colony','Railway','MP','Itarsi',461111,'Itarsi','','Madhya Pradesh','Itarsi',461111,'Male','9893856323','9893856323','ajinkya509@outlook.com','A+','Pan Card','BCSPA5378R'),(50067,'Camella','','Patil','2000-03-12',16,'Margregorios','Officer Colony','Railway','MP','Itarsi',461111,'Itarsi','','Madhya Pradesh','Itarsi',461111,'Male','9893856323','9893856323','ajinkya509@outlook.com','A+','Pan Card','BCSPA5378R'),(50073,'Ajinkya','','Patil','2000-03-12',16,'Margregorios','Officer Colony','Railway','MP','Itarsi',461111,'Itarsi','','Madhya Pradesh','Itarsi',461111,'Male','9893856323','9893856323','ajinkya509@outlook.com','A+','Pan Card','BCSPA5378R'),(50074,'Ashish','','Patil','2000-03-12',16,'Margregorios','Officer Colony','Railway','MP','Itarsi',461111,'Itarsi','','Madhya Pradesh','Itarsi',461111,'Male','9893856323','9893856323','ajinkya509@outlook.com','A+','Pan Card','BCSPA5378R'),(50075,'Shawn','','Patil','2000-03-12',16,'Margregorios','Officer Colony','Railway','MP','Itarsi',461111,'Itarsi','','Madhya Pradesh','Itarsi',461111,'Male','9893856323','9893856323','ajinkya509@outlook.com','A+','Pan Card','BCSPA5378R'),(50076,'Peter','','Patil','2000-03-12',16,'Margregorios','Officer Colony','Railway','MP','Itarsi',461111,'Itarsi','','Madhya Pradesh','Itarsi',461111,'Male','9893856323','9893856323','ajinkya509@outlook.com','A+','Pan Card','BCSPA5378R'),(50077,'Camella','','Patil','2000-03-12',16,'Margregorios','Officer Colony','Railway','MP','Itarsi',461111,'Itarsi','','Madhya Pradesh','Itarsi',461111,'Male','9893856323','9893856323','ajinkya509@outlook.com','A+','Pan Card','BCSPA5378R'),(50098,'Ajinkya','','Patil','2000-03-12',16,'Margregorios','Officer Colony','Railway','MP','Itarsi',461111,'Itarsi','','Madhya Pradesh','Itarsi',461111,'Male','9893856323','9893856323','ajinkya509@outlook.com','A+','Pan Card','BCSPA5378R'),(50099,'Ashish','','Patil','2000-03-12',16,'Margregorios','Officer Colony','Railway','MP','Itarsi',461111,'Itarsi','','Madhya Pradesh','Itarsi',461111,'Male','9893856323','9893856323','ajinkya509@outlook.com','A+','Pan Card','BCSPA5378R'),(50100,'Shawn','','Patil','2000-03-12',16,'Margregorios','Officer Colony','Railway','MP','Itarsi',461111,'Itarsi','','Madhya Pradesh','Itarsi',461111,'Male','9893856323','9893856323','ajinkya509@outlook.com','A+','Pan Card','BCSPA5378R'),(50101,'Peter','','Patil','2000-03-12',16,'Margregorios','Officer Colony','Railway','MP','Itarsi',461111,'Itarsi','','Madhya Pradesh','Itarsi',461111,'Male','9893856323','9893856323','ajinkya509@outlook.com','A+','Pan Card','BCSPA5378R'),(50102,'Camella','','Patil','2000-03-12',16,'Margregorios','Officer Colony','Railway','MP','Itarsi',461111,'Itarsi','','Madhya Pradesh','Itarsi',461111,'Male','9893856323','9893856323','ajinkya509@outlook.com','A+','Pan Card','BCSPA5378R'),(50103,'Ajinkya','','Patil','2000-03-12',16,'Margregorios','Officer Colony','Railway','MP','Itarsi',461111,'Itarsi','','Madhya Pradesh','Itarsi',461111,'Male','9893856323','9893856323','ajinkya509@outlook.com','A+','Pan Card','BCSPA5378R'),(50104,'Ashish','','Patil','2000-03-12',16,'Margregorios','Officer Colony','Railway','MP','Itarsi',461111,'Itarsi','','Madhya Pradesh','Itarsi',461111,'Male','9893856323','9893856323','ajinkya509@outlook.com','A+','Pan Card','BCSPA5378R'),(50105,'Shawn','','Patil','2000-03-12',16,'Margregorios','Officer Colony','Railway','MP','Itarsi',461111,'Itarsi','','Madhya Pradesh','Itarsi',461111,'Male','9893856323','9893856323','ajinkya509@outlook.com','A+','Pan Card','BCSPA5378R'),(50106,'Peter','','Patil','2000-03-12',16,'Margregorios','Officer Colony','Railway','MP','Itarsi',461111,'Itarsi','','Madhya Pradesh','Itarsi',461111,'Male','9893856323','9893856323','ajinkya509@outlook.com','A+','Pan Card','BCSPA5378R'),(50107,'Camella','','Patil','2000-03-12',16,'Margregorios','Officer Colony','Railway','MP','Itarsi',461111,'Itarsi','','Madhya Pradesh','Itarsi',461111,'Male','9893856323','9893856323','ajinkya509@outlook.com','A+','Pan Card','BCSPA5378R'),(50108,'Ajinkya','','Patil','2000-03-12',16,'Margregorios','Officer Colony','Railway','MP','Itarsi',461111,'Itarsi','','Madhya Pradesh','Itarsi',461111,'Male','9893856323','9893856323','ajinkya509@outlook.com','A+','Pan Card','BCSPA5378R'),(50109,'Ashish','','Patil','2000-03-12',16,'Margregorios','Officer Colony','Railway','MP','Itarsi',461111,'Itarsi','','Madhya Pradesh','Itarsi',461111,'Male','9893856323','9893856323','ajinkya509@outlook.com','A+','Pan Card','BCSPA5378R'),(50110,'Shawn','','Patil','2000-03-12',16,'Margregorios','Officer Colony','Railway','MP','Itarsi',461111,'Itarsi','','Madhya Pradesh','Itarsi',461111,'Male','9893856323','9893856323','ajinkya509@outlook.com','A+','Pan Card','BCSPA5378R'),(50111,'Peter','','Patil','2000-03-12',16,'Margregorios','Officer Colony','Railway','MP','Itarsi',461111,'Itarsi','','Madhya Pradesh','Itarsi',461111,'Male','9893856323','9893856323','ajinkya509@outlook.com','A+','Pan Card','BCSPA5378R'),(50112,'Camella','','Patil','2000-03-12',16,'Margregorios','Officer Colony','Railway','MP','Itarsi',461111,'Itarsi','','Madhya Pradesh','Itarsi',461111,'Male','9893856323','9893856323','ajinkya509@outlook.com','A+','Pan Card','BCSPA5378R'),(50113,'Ajinkya','','Patil','2000-03-12',16,'Margregorios','Officer Colony','Railway','MP','Itarsi',461111,'Itarsi','','Madhya Pradesh','Itarsi',461111,'Male','9893856323','9893856323','ajinkya509@outlook.com','A+','Pan Card','BCSPA5378R'),(50114,'Ajinkya','','Patil','2000-03-12',16,'Margregorios','Officer Colony','Railway','MP','Itarsi',461111,'Itarsi','','Madhya Pradesh','Itarsi',461111,'Male','9893856323','9893856323','ajinkya509@outlook.com','A+','Pan Card','BCSPA5378R'),(50115,'Ashish','','Patil','2000-03-12',16,'Margregorios','Officer Colony','Railway','MP','Itarsi',461111,'Itarsi','','Madhya Pradesh','Itarsi',461111,'Male','9893856323','9893856323','ajinkya509@outlook.com','A+','Pan Card','BCSPA5378R'),(50116,'Shawn','','Patil','2000-03-12',16,'Margregorios','Officer Colony','Railway','MP','Itarsi',461111,'Itarsi','','Madhya Pradesh','Itarsi',461111,'Male','9893856323','9893856323','ajinkya509@outlook.com','A+','Pan Card','BCSPA5378R'),(50117,'Peter','','Patil','2000-03-12',16,'Margregorios','Officer Colony','Railway','MP','Itarsi',461111,'Itarsi','','Madhya Pradesh','Itarsi',461111,'Male','9893856323','9893856323','ajinkya509@outlook.com','A+','Pan Card','BCSPA5378R'),(50118,'Camella','','Patil','2000-03-12',16,'Margregorios','Officer Colony','Railway','MP','Itarsi',461111,'Itarsi','','Madhya Pradesh','Itarsi',461111,'Male','9893856323','9893856323','ajinkya509@outlook.com','A+','Pan Card','BCSPA5378R');
/*!40000 ALTER TABLE `participant` ENABLE KEYS */;
UNLOCK TABLES;

--
-- Table structure for table `pay_rep_dtls`
--

DROP TABLE IF EXISTS `pay_rep_dtls`;
/*!40101 SET @saved_cs_client     = @@character_set_client */;
/*!40101 SET character_set_client = utf8 */;
CREATE TABLE `pay_rep_dtls` (
  `PAY_ID` int(11) NOT NULL AUTO_INCREMENT,
  `PART_TEAM_ID` int(11) DEFAULT NULL,
  `PAY_AMT` int(11) DEFAULT NULL,
  `PAY_FLAG` varchar(3) DEFAULT 'N',
  `PAY_DT` date DEFAULT '2001-01-01',
  `PAY_USR` varchar(12) DEFAULT NULL,
  `RECEIPT_NBR` int(11) DEFAULT NULL,
  `PAYMENT_WAIVED_FLG` varchar(3) DEFAULT 'N',
  `REPORTED_FLG` varchar(3) DEFAULT 'N',
  `REPORTED_DT` date DEFAULT '2001-01-01',
  `REPORT_USR` varchar(12) DEFAULT NULL,
  `KYC_CHECK` varchar(3) DEFAULT 'N',
  PRIMARY KEY (`PAY_ID`)
) ENGINE=InnoDB AUTO_INCREMENT=25 DEFAULT CHARSET=latin1;
/*!40101 SET character_set_client = @saved_cs_client */;

--
-- Dumping data for table `pay_rep_dtls`
--

LOCK TABLES `pay_rep_dtls` WRITE;
/*!40000 ALTER TABLE `pay_rep_dtls` DISABLE KEYS */;
INSERT INTO `pay_rep_dtls` VALUES (1,0,1000,NULL,NULL,NULL,1212,NULL,NULL,NULL,NULL,'Y'),(2,0,1000,NULL,NULL,NULL,1213,NULL,NULL,NULL,NULL,'Y'),(3,0,1000,NULL,NULL,NULL,1214,NULL,NULL,NULL,NULL,'Y'),(4,0,1000,NULL,NULL,NULL,1214,NULL,NULL,NULL,NULL,'Y'),(5,50032,1000,NULL,NULL,NULL,1215,NULL,NULL,NULL,NULL,NULL),(6,50034,1000,NULL,NULL,NULL,1216,NULL,NULL,NULL,NULL,NULL),(7,50035,1000,NULL,NULL,NULL,1217,NULL,NULL,NULL,NULL,NULL),(8,50036,1000,NULL,NULL,NULL,1218,NULL,NULL,NULL,NULL,NULL),(9,50038,1000,NULL,NULL,NULL,1219,NULL,NULL,NULL,NULL,NULL),(10,50040,1000,NULL,NULL,NULL,1222,NULL,NULL,NULL,NULL,NULL),(11,50045,1000,NULL,NULL,NULL,1223,NULL,NULL,NULL,NULL,NULL),(12,50046,1000,NULL,NULL,NULL,1224,NULL,NULL,NULL,NULL,NULL),(13,50047,1000,NULL,NULL,NULL,1225,NULL,NULL,NULL,NULL,NULL),(14,50048,1000,NULL,NULL,NULL,1226,NULL,NULL,NULL,NULL,NULL),(15,50049,1000,NULL,NULL,NULL,1227,NULL,NULL,NULL,NULL,NULL),(16,50050,1000,NULL,NULL,NULL,1228,NULL,NULL,NULL,NULL,NULL),(17,50051,1000,NULL,NULL,NULL,1229,NULL,NULL,NULL,NULL,NULL),(18,50052,1000,'Y',NULL,NULL,1230,NULL,'Y',NULL,NULL,'Y'),(19,100,1000,NULL,NULL,NULL,1231,NULL,NULL,NULL,NULL,NULL),(20,102,1000,NULL,NULL,NULL,1211,NULL,NULL,NULL,NULL,NULL),(21,107,1000,NULL,NULL,NULL,1212,NULL,NULL,NULL,NULL,NULL),(22,108,1000,'Y',NULL,NULL,1213,NULL,'Y',NULL,NULL,NULL),(23,109,1000,NULL,NULL,NULL,1214,NULL,NULL,NULL,NULL,NULL),(24,110,1000,'Y',NULL,NULL,1215,NULL,'Y',NULL,NULL,'Y');
/*!40000 ALTER TABLE `pay_rep_dtls` ENABLE KEYS */;
UNLOCK TABLES;

--
-- Table structure for table `receipt_master`
--

DROP TABLE IF EXISTS `receipt_master`;
/*!40101 SET @saved_cs_client     = @@character_set_client */;
/*!40101 SET character_set_client = utf8 */;
CREATE TABLE `receipt_master` (
  `RECEIPT_ID` int(11) NOT NULL AUTO_INCREMENT,
  `RECEIPT_NBR` int(11) NOT NULL DEFAULT '0',
  `ASSIGNED_FLG` varchar(3) DEFAULT 'N',
  `ASSIGNED_DT` date DEFAULT '2001-01-01',
  `ASSIGNED_PART_ID` int(11) DEFAULT '0',
  PRIMARY KEY (`RECEIPT_ID`)
) ENGINE=InnoDB AUTO_INCREMENT=21 DEFAULT CHARSET=latin1;
/*!40101 SET character_set_client = @saved_cs_client */;

--
-- Dumping data for table `receipt_master`
--

LOCK TABLES `receipt_master` WRITE;
/*!40000 ALTER TABLE `receipt_master` DISABLE KEYS */;
INSERT INTO `receipt_master` VALUES (1,1211,'Y','2001-01-01',102),(2,1212,'Y','2001-01-01',107),(3,1213,'Y','2001-01-01',108),(4,1214,'Y','2001-01-01',109),(5,1214,'Y','2001-01-01',109),(6,1215,'Y','2001-01-01',110),(7,1216,'N','2001-01-01',50034),(8,1217,'N','2001-01-01',50035),(9,1218,'N','2001-01-01',50036),(10,1219,'N','2001-01-01',50038),(11,1222,'N','2001-01-01',50040),(12,1223,'N','2001-01-01',50045),(13,1224,'N','2001-01-01',50046),(14,1225,'N','2001-01-01',50047),(15,1226,'N','2001-01-01',50048),(16,1227,'N','2001-01-01',50049),(17,1228,'N','2001-01-01',50050),(18,1229,'N','2001-01-01',50051),(19,1230,'N','2001-01-01',50052),(20,1231,'N','2001-01-01',100);
/*!40000 ALTER TABLE `receipt_master` ENABLE KEYS */;
UNLOCK TABLES;

--
-- Table structure for table `schedule`
--

DROP TABLE IF EXISTS `schedule`;
/*!40101 SET @saved_cs_client     = @@character_set_client */;
/*!40101 SET character_set_client = utf8 */;
CREATE TABLE `schedule` (
  `SCHEDULE_ID` int(11) NOT NULL AUTO_INCREMENT,
  `GAME_ID` int(11) DEFAULT NULL,
  `ROUND_NO` decimal(8,0) DEFAULT NULL,
  `MATCH_NO` decimal(8,0) DEFAULT NULL,
  `PART_ID1` decimal(8,0) DEFAULT NULL,
  `PART_ID2` decimal(8,0) DEFAULT NULL,
  `WINNER_PART_ID` decimal(8,0) DEFAULT NULL,
  `TYPE` varchar(45) DEFAULT '',
  `LOSSER_PART_ID` decimal(8,0) DEFAULT NULL,
  `WINNER_SCORE` decimal(8,0) DEFAULT NULL,
  `LOSSER_SCORE` decimal(8,0) DEFAULT NULL,
  `INSERT_USER_NAME` varchar(45) DEFAULT '',
  `UPDATE_USER_NAME` varchar(45) DEFAULT '',
  `INSERT_DATE_TIME` datetime DEFAULT CURRENT_TIMESTAMP,
  `UPDATE_DATE_TIME` datetime DEFAULT CURRENT_TIMESTAMP,
  PRIMARY KEY (`SCHEDULE_ID`)
) ENGINE=InnoDB DEFAULT CHARSET=latin1;
/*!40101 SET character_set_client = @saved_cs_client */;

--
-- Dumping data for table `schedule`
--

LOCK TABLES `schedule` WRITE;
/*!40000 ALTER TABLE `schedule` DISABLE KEYS */;
/*!40000 ALTER TABLE `schedule` ENABLE KEYS */;
UNLOCK TABLES;

--
-- Table structure for table `team`
--

DROP TABLE IF EXISTS `team`;
/*!40101 SET @saved_cs_client     = @@character_set_client */;
/*!40101 SET character_set_client = utf8 */;
CREATE TABLE `team` (
  `TEAM_ID` int(11) NOT NULL AUTO_INCREMENT,
  `TEAM_NAME` varchar(100) DEFAULT NULL,
  `TEAM_SCHOOL` varchar(100) DEFAULT NULL,
  `TEAM_SCHOOL_ADD1` varchar(100) DEFAULT NULL,
  `TEAM_SCHOOL_ADD2` varchar(100) DEFAULT NULL,
  `TEAM_SCHOOL_CITY` varchar(30) DEFAULT NULL,
  `TEAM_SCHOOL_STATE` varchar(30) DEFAULT NULL,
  `TEAM_SCHOOL_PINCODE` int(11) DEFAULT NULL,
  `INSERT_USER_NAME` varchar(30) DEFAULT NULL,
  `UPDATE_USER_NAME` varchar(30) DEFAULT NULL,
  `INSERT_DATE_TIME` datetime DEFAULT NULL,
  `UPDATE_DATE_TIME` datetime DEFAULT NULL,
  `CAPTAIN_PART_ID` int(10) DEFAULT NULL,
  PRIMARY KEY (`TEAM_ID`)
) ENGINE=InnoDB AUTO_INCREMENT=111 DEFAULT CHARSET=latin1;
/*!40101 SET character_set_client = @saved_cs_client */;

--
-- Dumping data for table `team`
--

LOCK TABLES `team` WRITE;
/*!40000 ALTER TABLE `team` DISABLE KEYS */;
INSERT INTO `team` VALUES (100,'Mumbai Warriors','Don Bosco','Kailash Vihar','Andheri','Mumbai','Maharashtra',456666,NULL,NULL,NULL,NULL,NULL),(102,'Mumbai Warriors','Don Bosco','Kailash Vihar','Andheri','Mumbai','Maharashtra',456666,NULL,NULL,NULL,NULL,NULL),(107,'Mumbai Warriors','Don Bosco','Kailash Vihar','Andheri','Mumbai','Maharashtra',456666,NULL,NULL,NULL,NULL,NULL),(108,'Mumbai Warriors','Don Bosco','Kailash Vihar','Andheri','Mumbai','Maharashtra',456666,NULL,NULL,NULL,NULL,NULL),(109,'Mumbai Warriors','Don Bosco','Kailash Vihar','Andheri','Mumbai','Maharashtra',456666,NULL,NULL,NULL,NULL,NULL),(110,'Mumbai Warriors','Don Bosco','Kailash Vihar','Andheri','Mumbai','Maharashtra',456666,NULL,NULL,NULL,NULL,50113);
/*!40000 ALTER TABLE `team` ENABLE KEYS */;
UNLOCK TABLES;

--
-- Table structure for table `team_game`
--

DROP TABLE IF EXISTS `team_game`;
/*!40101 SET @saved_cs_client     = @@character_set_client */;
/*!40101 SET character_set_client = utf8 */;
CREATE TABLE `team_game` (
  `TEAM_GAME_ID` int(11) NOT NULL AUTO_INCREMENT,
  `TEAM_ID` int(11) DEFAULT NULL,
  `GAME_ID` int(11) DEFAULT NULL,
  `INSERT_USER_NAME` varchar(45) DEFAULT '',
  `UPDATE_USER_NAME` varchar(45) DEFAULT '',
  `INSERT_DATE_TIME` datetime DEFAULT CURRENT_TIMESTAMP,
  `UPDATE_DATE_TIME` datetime DEFAULT CURRENT_TIMESTAMP,
  PRIMARY KEY (`TEAM_GAME_ID`)
) ENGINE=InnoDB AUTO_INCREMENT=9 DEFAULT CHARSET=latin1;
/*!40101 SET character_set_client = @saved_cs_client */;

--
-- Dumping data for table `team_game`
--

LOCK TABLES `team_game` WRITE;
/*!40000 ALTER TABLE `team_game` DISABLE KEYS */;
INSERT INTO `team_game` VALUES (1,107,9012,NULL,NULL,NULL,NULL),(2,107,9013,NULL,NULL,NULL,NULL),(3,108,9012,NULL,NULL,NULL,NULL),(4,108,9013,NULL,NULL,NULL,NULL),(5,109,9012,NULL,NULL,NULL,NULL),(6,109,9013,NULL,NULL,NULL,NULL),(7,110,9012,NULL,NULL,NULL,NULL),(8,110,9013,NULL,NULL,NULL,NULL);
/*!40000 ALTER TABLE `team_game` ENABLE KEYS */;
UNLOCK TABLES;

--
-- Table structure for table `team_parti`
--

DROP TABLE IF EXISTS `team_parti`;
/*!40101 SET @saved_cs_client     = @@character_set_client */;
/*!40101 SET character_set_client = utf8 */;
CREATE TABLE `team_parti` (
  `TEAM_PARTI_ID` int(11) NOT NULL AUTO_INCREMENT,
  `TEAM_ID` int(11) DEFAULT NULL,
  `PART_ID` int(11) DEFAULT NULL,
  `INSERT_USER_NAME` varchar(20) DEFAULT NULL,
  `UPDATE_USER_NAME` varchar(20) DEFAULT NULL,
  `INSERT_DATE_TIME` datetime DEFAULT CURRENT_TIMESTAMP,
  `UPDATE_DATE_TIME` datetime DEFAULT CURRENT_TIMESTAMP,
  PRIMARY KEY (`TEAM_PARTI_ID`)
) ENGINE=InnoDB AUTO_INCREMENT=16 DEFAULT CHARSET=latin1;
/*!40101 SET character_set_client = @saved_cs_client */;

--
-- Dumping data for table `team_parti`
--

LOCK TABLES `team_parti` WRITE;
/*!40000 ALTER TABLE `team_parti` DISABLE KEYS */;
INSERT INTO `team_parti` VALUES (1,108,50103,NULL,NULL,NULL,NULL),(2,108,50104,NULL,NULL,NULL,NULL),(3,108,50105,NULL,NULL,NULL,NULL),(4,108,50106,NULL,NULL,NULL,NULL),(5,108,50107,NULL,NULL,NULL,NULL),(6,109,50108,NULL,NULL,NULL,NULL),(7,109,50109,NULL,NULL,NULL,NULL),(8,109,50110,NULL,NULL,NULL,NULL),(9,109,50111,NULL,NULL,NULL,NULL),(10,109,50112,NULL,NULL,NULL,NULL),(11,110,50114,NULL,NULL,NULL,NULL),(12,110,50115,NULL,NULL,NULL,NULL),(13,110,50116,NULL,NULL,NULL,NULL),(14,110,50117,NULL,NULL,NULL,NULL),(15,110,50118,NULL,NULL,NULL,NULL);
/*!40000 ALTER TABLE `team_parti` ENABLE KEYS */;
UNLOCK TABLES;

--
-- Table structure for table `venue`
--

DROP TABLE IF EXISTS `venue`;
/*!40101 SET @saved_cs_client     = @@character_set_client */;
/*!40101 SET character_set_client = utf8 */;
CREATE TABLE `venue` (
  `VENUE_ID` int(11) NOT NULL AUTO_INCREMENT,
  `VENUE_NAME` varchar(50) DEFAULT NULL,
  `VENUE_TYPE` varchar(10) DEFAULT NULL,
  `INSERT_USER_NAME` varchar(45) DEFAULT '',
  `UPDATE_USER_NAME` varchar(45) DEFAULT '',
  `INSERT_DATE_TIME` datetime DEFAULT CURRENT_TIMESTAMP,
  `UPDATE_DATE_TIME` datetime DEFAULT CURRENT_TIMESTAMP,
  PRIMARY KEY (`VENUE_ID`)
) ENGINE=InnoDB AUTO_INCREMENT=3011 DEFAULT CHARSET=latin1;
/*!40101 SET character_set_client = @saved_cs_client */;

--
-- Dumping data for table `venue`
--

LOCK TABLES `venue` WRITE;
/*!40000 ALTER TABLE `venue` DISABLE KEYS */;
INSERT INTO `venue` VALUES (3001,'KABADDI GROUND','','admin','admin','2017-03-06 00:00:00','2017-03-06 00:00:00'),(3002,'ATHLETICS STADIA','','admin','admin','2017-03-06 00:00:00','2017-03-06 00:00:00'),(3003,'BASKETBALL GROUND','','admin','admin','2017-03-06 00:00:00','2017-03-06 00:00:00'),(3004,'CLIMBING WALL','','admin','admin','2017-03-06 00:00:00','2017-03-06 00:00:00'),(3005,'FOOTBALL GROUND','','admin','admin','2017-03-06 00:00:00','2017-03-06 00:00:00'),(3006,'KHO-KHO GROUND','','admin','admin','2017-03-06 00:00:00','2017-03-06 00:00:00'),(3007,'MULTIFUNCTIONAL HALL','','admin','admin','2017-03-06 00:00:00','2017-03-06 00:00:00'),(3008,'SHOOTING RANGE','','admin','admin','2017-03-06 00:00:00','2017-03-06 00:00:00'),(3009,'STADIUM','','admin','admin','2017-03-06 00:00:00','2017-03-06 00:00:00'),(3010,'SWIMMING POOL','','admin','admin','2017-03-06 00:00:00','2017-03-06 00:00:00');
/*!40000 ALTER TABLE `venue` ENABLE KEYS */;
UNLOCK TABLES;
/*!40103 SET TIME_ZONE=@OLD_TIME_ZONE */;

/*!40101 SET SQL_MODE=@OLD_SQL_MODE */;
/*!40014 SET FOREIGN_KEY_CHECKS=@OLD_FOREIGN_KEY_CHECKS */;
/*!40014 SET UNIQUE_CHECKS=@OLD_UNIQUE_CHECKS */;
/*!40101 SET CHARACTER_SET_CLIENT=@OLD_CHARACTER_SET_CLIENT */;
/*!40101 SET CHARACTER_SET_RESULTS=@OLD_CHARACTER_SET_RESULTS */;
/*!40101 SET COLLATION_CONNECTION=@OLD_COLLATION_CONNECTION */;
/*!40111 SET SQL_NOTES=@OLD_SQL_NOTES */;

-- Dump completed on 2018-01-30  3:32:50
